0_0.jpeg,-0.8,0.0,0.4,-0.7854737091064453,-0.005013673901557923,0.3974015808105469,-0.7904798889160156,-0.005059003233909607,0.388745002746582,-0.7904798889160156,0.004940859675407409,0.388692626953125,-0.7854737091064453,0.004986188709735871,0.39734920501708987,1.436173553466797,-0.7718036651611329,-0.4616574478149414,-0.1797957992553711,-0.4632246398925781,0.17478364944458008,1.391990203857422,0.7524065399169921,-0.008582891821861267,0.0023316092789173125,-0.006202909350395203,0.004206508696079254,-0.005079318284988404,0.005091649293899536,-0.0044052654504776,0.005622653365135193,-0.004538750052452087,0.0059778356552124025,-0.0037595224380493164,0.0061313557624816896,-0.0038750576972961426,0.006468648314476013,-0.0032459375262260436,0.0065359467267990115,-0.0026206520199775697,0.007028533220291138,-0.0018090729415416718,0.007667878270149231,-0.003919216990470886,0.005086380839347839,-0.002297143042087555,0.006531378030776977,-0.0021384167671203613,0.005876979231834412,-0.0026546716690063477,0.004190988838672638,-0.00167219877243042,0.0053257161378860475,-0.0007879892736673355,0.0063469535112380985,-0.00020811643451452256,0.007016690969467163,0.004951249957084656,0.0022772149741649627,0.004964244067668915,0.005143790245056152,0.004967416524887085,0.005843637585639954,0.004970071911811829,0.006429421305656433,0.0049755311012268065,0.007633751630783081,0.012552396059036255,0.0041244739294052125,0.011585474014282227,0.005264881253242493,0.01071465015411377,0.006291948556900025,0.010143241882324218,0.006965878009796142,0.012054240703582764,0.005810384750366211,0.013817132711410522,0.005005828738212585,0.012218011617660523,0.0064614820480346676,0.01841660022735596,0.0022230970859527586,0.016075619459152223,0.004109063446521759,0.014968990087509156,0.00500059723854065,0.014304665327072143,0.005535797476768494,0.014440401792526245,0.005888462066650391,0.013667927980422974,0.006048772931098938,0.013785738945007325,0.006383839249610901,0.013161286115646362,0.006456940174102783,0.012544188499450683,0.006954092979431153,0.011742804050445557,0.007599712014198303
1_0.jpeg,-0.8,0.0,0.35,-0.7853530883789063,-0.005009540915489196,0.34819095611572265,-0.7898837280273437,-0.0050562208890914916,0.3392763137817383,-0.7898837280273437,0.004943642020225525,0.3392239761352539,-0.7853530883789063,0.0049903222918510435,0.34813861846923827,2.0337725830078126,-0.969207763671875,-0.46982479095458984,-0.1650251007080078,-0.4714284133911133,0.16056707382202148,1.9540936279296874,0.9383422088623047,-0.009290040135383607,0.0024997371435165404,-0.0066153711080551144,0.004288881421089173,-0.005379410982131958,0.005115642547607422,-0.004645973443984985,0.005606254935264588,-0.004772815704345703,0.005979802012443542,-0.003948902785778046,0.006072540283203125,-0.004057825803756714,0.006424537897109985,-0.0033983397483825684,0.006440824270248413,-0.0027325814962387085,0.006886165142059326,-0.0018758337199687959,0.007459263205528259,-0.004184369444847107,0.005110050439834595,-0.002431679517030716,0.006436080932617188,-0.0023057049512863158,0.005838629603385925,-0.0029351699352264406,0.004272182285785675,-0.0018566335737705232,0.005330507755279541,-0.0009018578380346298,0.006267392039299011,-0.0002837071195244789,0.006873960494995117,0.0049550974369049075,0.0024394705891609193,0.004967787563800812,0.00515796422958374,0.004970801770687103,0.00580366313457489,0.004973300099372864,0.006338865160942077,0.004978367686271667,0.007424428462982178,0.012840883731842041,0.004200596511363983,0.011777644157409667,0.005266167521476746,0.010835757255554199,0.006210116744041443,0.010225625038146972,0.006821585297584534,0.012229264974594116,0.005768783688545227,0.01409057378768921,0.005024531483650207,0.012360161542892456,0.006363494992256164,0.01913124680519104,0.0023794955015182494,0.016496721506118774,0.00418400764465332,0.015277695655822755,0.005018976330757141,0.014553823471069337,0.005514790415763855,0.014683294296264648,0.005885879397392273,0.01386551022529602,0.005986249446868897,0.013977034091949463,0.006336097717285156,0.013321632146835327,0.006358776688575745,0.012663687467575074,0.00680943489074707,0.011816556453704835,0.007389675378799438
2_0.jpeg,-0.8,0.0,0.3,-0.7852716827392578,-0.005005109906196594,0.29903713226318357,-0.7892816925048828,-0.005053078532218933,0.2898764801025391,-0.7892816925048828,0.004946784675121307,0.28982412338256835,-0.7852716827392578,0.0049947530031204225,0.2989847755432129,3.7888909912109376,-1.5594384765625,-0.48237411499023436,-0.1497427272796631,-0.48400833129882814,0.14583857536315917,3.552234802246094,1.4759553527832032,-0.009995540976524353,0.002721148431301117,-0.007011629343032837,0.004384381175041199,-0.0056618815660476685,0.005136731266975403,-0.004869402945041656,0.005578458905220031,-0.004986626505851746,0.005969371795654297,-0.0041219907999038696,0.0059950661659240725,-0.0042218878865242,0.006360699534416199,-0.0035356020927429198,0.006321920156478882,-0.0028311115503311156,0.006714602708816528,-0.0019318343698978425,0.0072158598899841305,-0.004433938562870026,0.00513082504272461,-0.0025528249144554137,0.006317015886306763,-0.002459751665592194,0.005785036087036133,-0.00320460170507431,0.004366506040096283,-0.0020290760695934294,0.005328343510627747,-0.0010050210356712342,0.006166244149208069,-0.0003501486033201218,0.006702073216438294,0.0049595868587493895,0.0026547124981880187,0.004971641302108765,0.0051676958799362184,0.00497442752122879,0.005748533606529236,0.004976715445518493,0.006225449442863465,0.0049812963604927065,0.007180419564247131,0.013119686841964722,0.004289858043193817,0.01195878505706787,0.005260622501373291,0.010946800708770752,0.0061068588495254515,0.010299320220947266,0.006648291945457459,0.012391934394836426,0.005712113380432129,0.014349763393402099,0.005040478706359863,0.01248966932296753,0.0062419486045837405,0.01984739422798157,0.002588576078414917,0.01690362572669983,0.004272091090679169,0.015570299625396728,0.0050346082448959354,0.014786959886550903,0.005482592582702637,0.014907212257385253,0.005871175527572632,0.014047825336456298,0.0059052973985671995,0.01415065884590149,0.006268916726112366,0.013467695713043213,0.006237067580223084,0.01277045726776123,0.006635812520980835,0.011880007982254028,0.007145053148269654
3_0.jpeg,-0.8,0.0,0.25,-0.7852384948730469,-0.004999982118606567,0.24998006820678711,-0.7886161804199219,-0.004934275448322296,0.24056798934936524,-0.7886161804199219,0.005065480470657349,0.24063779830932616,-0.7852384948730469,0.004999774098396301,0.25004987716674804,184.350234375,-62.71365234375,-0.49826637268066404,-0.13078536033630372,-0.49601646423339846,0.13526413917541505,-74.7892919921875,-25.0604345703125,-0.010537375211715699,0.0027317160367965696,-0.007272988557815552,0.004255431592464447,-0.005825934410095215,0.004930872023105621,-0.004984705150127411,0.005323532223701477,-0.005091038346290588,0.005727540254592895,-0.0041969183087348936,0.00569124698638916,-0.004287277460098267,0.006066578626632691,-0.003582623302936554,0.005977981090545655,-0.002848953902721405,0.006320435404777527,-0.0019192497432231903,0.006754392385482788,-0.004575770795345307,0.00493908703327179,-0.0025911793112754823,0.005984669923782349,-0.0025266602635383604,0.00552859902381897,-0.0033712172508239746,0.004280628561973572,-0.0021135680377483367,0.0051374870538711545,-0.0010345060378313064,0.005872671008110047,-0.0003523704782128334,0.006337422728538513,0.005047019720077515,0.002828371524810791,0.005032263994216919,0.005074025392532349,0.005028945803642273,0.00557898759841919,0.005026246309280395,0.005989772081375122,0.005020908713340759,0.006802118420600891,0.013469532728195191,0.004389383792877197,0.012194019556045533,0.005231947302818298,0.011100503206253052,0.005954289436340332,0.010409644842147826,0.006410647630691529,0.012603985071182251,0.00562950611114502,0.014672691822052003,0.005065571665763855,0.012662816047668456,0.006087583899497986,0.02071432113647461,0.0029255411028862,0.017398900985717773,0.004414758980274201,0.015931591987609864,0.005073843598365784,0.015079251527786254,0.00545669674873352,0.015180971622467041,0.005863480567932129,0.014281506538391114,0.005815027356147766,0.014367473125457764,0.006192732453346252,0.013659745454788208,0.006094309687614441,0.012917498350143433,0.0064277112483978275,0.011977461576461792,0.006849956512451172
4_0.jpeg,-0.8,-0.1,0.4,-0.7854737091064453,-0.10501367568969727,0.3974015808105469,-0.7904798889160156,-0.10505900382995606,0.388745002746582,-0.7904798889160156,-0.09505913734436035,0.388692626953125,-0.7854737091064453,-0.09501380920410156,0.39734920501708987,1.436173553466797,-0.871803970336914,-0.4616574478149414,-0.2797958183288574,-0.4632246398925781,0.07478374481201172,1.391990203857422,0.6524068450927735,-0.0109233558177948,0.002341015338897705,-0.008132264018058777,0.004214947819709778,-0.006814739108085633,0.005099530816078186,-0.0060243898630142215,0.00563016951084137,-0.006181262135505676,0.005985570549964905,-0.005267267227172852,0.006138500571250915,-0.0054030632972717286,0.0064759856462478635,-0.004665119647979736,0.006542780995368957,-0.003932037055492401,0.00703497052192688,-0.002980588972568512,0.007673771381378174,-0.005653879642486572,0.0050942587852478025,-0.003715817630290985,0.006538209319114685,-0.003698730766773224,0.0058843004703521724,-0.004581449031829834,0.0041994166374206545,-0.0033512869477272033,0.005333420634269714,-0.002244258373975754,0.006353917121887207,-0.0015183091163635254,0.007023122310638428,0.002622700035572052,0.002286573350429535,0.0032565537095069885,0.005151576995849609,0.0034112802147865297,0.005850939154624939,0.003540782332420349,0.006436285972595215,0.003807010054588318,0.007639629244804383,0.010636649131774902,0.004132853150367737,0.009914769530296326,0.005272547602653503,0.009264691472053528,0.006298881769180298,0.008838159441947937,0.006972284317016602,0.010502265691757202,0.00581766664981842,0.012094045877456666,0.005013654232025147,0.010807090997695923,0.006468276381492615,0.016099873781204223,0.0022324080765247344,0.014162423610687256,0.004117431640625,0.013246655464172363,0.0050084197521209715,0.012696937322616578,0.00554326057434082,0.01280961513519287,0.005896141529083252,0.012170071601867677,0.0060558712482452395,0.012267886400222779,0.006391127705574036,0.011750866174697876,0.006463731527328491,0.011240289211273194,0.006960493326187134,0.010577266216278075,0.00760557472705841
5_0.jpeg,-0.8,0.1,0.4,-0.7854876708984375,0.09498592376708985,0.39732555389404295,-0.7905390930175781,0.09494073867797852,0.38869529724121094,-0.7905390930175781,0.10494059562683106,0.38864295959472656,-0.7854876708984375,0.10498579025268555,0.39727317810058593,1.3705172729492188,-0.6499236297607421,-0.46523998260498045,-0.07901439666748047,-0.46678264617919923,0.27400997161865237,1.328826904296875,0.8313701629638672,-0.006233303546905517,0.0023975566029548643,-0.004272277355194092,0.004271014928817749,-0.0033454081416130067,0.005156496167182922,-0.0027890411019325257,0.005688019394874573,-0.002900250256061554,0.006043205857276916,-0.002255808562040329,0.006197441220283508,-0.0023520830273628234,0.006534878611564637,-0.0018315456807613372,0.006602758765220642,-0.0013148151338100433,0.007096415162086487,-0.0006438148766756057,0.007737452983856201,-0.002185998111963272,0.005151230096817017,-0.0008826883882284164,0.00659818708896637,-0.000580926463007927,0.0059426891803741454,-0.0007276049256324768,0.004255515336990356,5.15935942530632e-06,0.005390781760215759,0.0006652311235666275,0.006413425803184509,0.0010984187573194503,0.007084560394287109,0.0072754424810409545,0.0023433192074298857,0.00667094349861145,0.005208736658096314,0.006523140072822571,0.0059093451499938965,0.006399360299110412,0.006496081352233887,0.006144686341285705,0.007703272104263306,0.01446373462677002,0.0041890892386436465,0.013256038427352906,0.005329970121383667,0.012167385816574096,0.006358394622802735,0.011452536582946777,0.007033695578575134,0.013608031272888184,0.005876090526580811,0.015539233684539794,0.005070726275444031,0.013633033037185669,0.006528248190879822,0.02071500778198242,0.0022893597185611723,0.017983207702636717,0.004173699915409088,0.016690332889556885,0.005065498352050782,0.015913740396499634,0.005601176619529724,0.016074010133743287,0.005953822135925293,0.015169069766998292,0.006114835739135742,0.015308209657669068,0.006450024843215943,0.014576317071914672,0.006523703336715698,0.01385406494140625,0.007021898031234741,0.0129156756401062,0.007669180035591126
6_0.jpeg,-0.8,0.15,0.4,-0.7854830169677735,0.14498605728149414,0.3973508834838867,-0.7905193328857422,0.144940824508667,0.38871185302734373,-0.7905193328857422,0.15494068145751952,0.3886594772338867,-0.7854830169677735,0.15498592376708983,0.3972985076904297,1.391973419189453,-0.6070738983154297,-0.4640488052368164,-0.02927389144897461,-0.46560035705566405,0.3242664337158203,1.3494761657714844,0.8882473754882813,-0.005069332718849182,0.002367768734693527,-0.0033098676800727843,0.004242494702339172,-0.0024785065650939943,0.005128318071365356,-0.001979544162750244,0.005659968256950378,-0.002078646868467331,0.006014968156814575,-0.0015013819932937621,0.006169455051422119,-0.0015871514379978179,0.006506680846214295,-0.0011209718883037566,0.006574786305427551,-0.0006576944142580032,0.0070684123039245605,-5.617845803499222e-05,0.007709333896636963,-0.0013195033371448516,0.0051230543851852415,-0.0001725626364350319,0.006570217609405518,0.00019925994798541068,0.00591468334197998,0.00023382909595966338,0.004226997792720795,0.0008440873771905899,0.005362676382064819,0.0013936822116374968,0.006385459899902344,0.0017543020844459534,0.007056566476821899,0.0084378981590271,0.0023135195672512056,0.00752381682395935,0.005180603861808777,0.0073004037141799925,0.005881356596946716,0.007113327980041504,0.006468134522438049,0.0067284971475601195,0.007675184011459351,0.015421156883239745,0.004160582423210144,0.014090189933776856,0.005301889181137085,0.012890689373016358,0.0063304626941680904,0.012103195190429688,0.007005740404129029,0.014382442235946655,0.0058481192588806154,0.01639971137046814,0.005042579174041748,0.014336447715759277,0.006500324606895447,0.02187615156173706,0.0022595474123954773,0.018939740657806396,0.004145195484161377,0.017550432682037355,0.005037352442741394,0.016716041564941407,0.005573165416717529,0.016887389421463013,0.005925635099411011,0.015916038751602173,0.006086896657943725,0.016064770221710205,0.00642188310623169,0.015279303789138794,0.006495782732963562,0.014503532648086548,0.006993951797485351,0.013495732545852662,0.007641121745109558
7_0.jpeg,-0.8,0.05,0.4,-0.7854830169677735,0.04498606204986572,0.3973508834838867,-0.7905193328857422,0.044940824508666995,0.38871185302734373,-0.7905193328857422,0.054940686225891114,0.3886594772338867,-0.7854830169677735,0.05498592376708984,0.3972985076904297,1.391973419189453,-0.7070732116699219,-0.4640488052368164,-0.1292738914489746,-0.46560035705566405,0.2242666244506836,1.3494761657714844,0.7882473754882813,-0.007405174374580384,0.0023771506547927857,-0.005236765742301941,0.004250921010971069,-0.004212290942668915,0.005136192440986633,-0.0035974627733230593,0.0056674802303314205,-0.0037200617790222167,0.006022700071334839,-0.003008289635181427,0.006176598072052002,-0.0031144222617149353,0.006514017581939697,-0.002539581060409546,0.0065816199779510495,-0.0019687922298908234,0.007074851393699646,-0.001227717399597168,0.007715230584144592,-0.0030525261163711548,0.005130925178527832,-0.0015906614065170287,0.0065770488977432255,-0.0013600395619869233,0.005922001600265503,-0.001690480262041092,0.004235413074493408,-0.0008335620164871216,0.005370374917984009,-6.18947809562087e-05,0.006392422914505005,0.00044440422207117083,0.007062999606132507,0.006114001274108887,0.002322853207588196,0.005817710161209106,0.0051883840560913086,0.005745303630828857,0.005888655185699463,0.005684676766395569,0.006474998593330383,0.005559971928596497,0.007681065201759338,0.013507920503616332,0.00416894942522049,0.012420963048934936,0.0053095495700836185,0.011441456079483032,0.006337395310401917,0.010798437595367432,0.007012147903442383,0.012831523418426513,0.005855398178100586,0.014678317308425903,0.005050396919250489,0.012926143407821656,0.006507118344306946,0.019564110040664672,0.0022688335180282592,0.017029064893722533,0.004153551161289215,0.015829793214797973,0.0050451672077178955,0.015109575986862182,0.0055806243419647215,0.015257760286331176,0.005933310985565186,0.014419069290161133,0.006093992590904236,0.014547708034515381,0.006429170966148376,0.013869506120681763,0.00650257408618927,0.013199965953826904,0.007000353932380676,0.012330209016799926,0.007646988034248352
8_0.jpeg,-0.8,-0.05,0.4,-0.7854830169677735,-0.055013937950134276,0.3973508834838867,-0.7905193328857422,-0.05505917549133301,0.38871185302734373,-0.7905193328857422,-0.045059313774108885,0.3886594772338867,-0.7854830169677735,-0.045014076232910157,0.3972985076904297,1.391973419189453,-0.8070732116699219,-0.4640488052368164,-0.22927389144897461,-0.46560035705566405,0.1242666244506836,1.3494761657714844,0.6882473754882813,-0.009743086695671081,0.002386540323495865,-0.007165072560310364,0.004259353578090668,-0.005947217345237732,0.00514407217502594,-0.00521637499332428,0.005674996376037598,-0.005362498760223389,0.006030436158180236,-0.004516059458255768,0.0061837446689605715,-0.00464257687330246,0.006521358489990235,-0.0039589545130729676,0.006588457226753235,-0.0032805415987968447,0.00708129346370697,-0.0023997777700424192,0.0077211296558380126,-0.004786688685417175,0.005138801336288452,-0.003009524643421173,0.0065838837623596195,-0.0029202601313591003,0.00592932403087616,-0.003616195321083069,0.0042438340187072755,-0.002512279748916626,0.005378078818321228,-0.001518276184797287,0.006399389505386353,-0.0008661453425884247,0.007069435715675354,0.0037880510091781614,0.002332194745540619,0.004110497832298279,0.00519616961479187,0.004189285039901733,0.0058959579467773434,0.004255250692367553,0.006481866240501404,0.0043909275531768795,0.007686949968338012,0.011593292951583862,0.004177322089672089,0.010750676393508912,0.005317214131355286,0.00999142587184906,0.006344331502914429,0.009493032693862915,0.0070185595750808715,0.011279690265655517,0.005862681269645691,0.012955796718597413,0.005058220028877259,0.011515083312988282,0.006513915657997131,0.017250030040740966,0.00227812722325325,0.015117001533508301,0.004161912798881531,0.01410802721977234,0.005052987337112427,0.01350212812423706,0.0055880874395370485,0.013627121448516846,0.0059409916400909426,0.0129212486743927,0.006101092100143432,0.013029770851135254,0.006436462998390197,0.01245895266532898,0.006509369015693664,0.011895753145217895,0.00700675904750824,0.011164168119430542,0.007652857303619385
9_0.jpeg,-0.8,-0.15,0.4,-0.7854783630371094,-0.15501380920410157,0.39737621307373044,-0.7904995727539063,-0.15505908966064452,0.3887284088134766,-0.7904995727539063,-0.14505922317504882,0.3886760330200195,-0.7854783630371094,-0.14501394271850587,0.3973238754272461,1.4138438415527343,-0.9143622589111328,-0.46285411834716794,-0.32953414916992185,-0.4644134521484375,0.024524593353271486,1.370547332763672,0.5952653503417968,-0.012088688611984253,0.0023708385229110718,-0.00909610629081726,0.004243483543395996,-0.007683060765266418,0.005127715468406677,-0.0068352830410003665,0.00565822184085846,-0.0070044130086898805,0.0060138052701950075,-0.006023058891296387,0.006166481971740722,-0.006169490218162536,0.006504175662994385,-0.00537702739238739,0.006570743918418884,-0.004590444266796112,0.00706295907497406,-0.0035694357752799988,0.007701866626739502,-0.006521796584129333,0.005122441053390503,-0.004427281022071838,0.006566169857978821,-0.004480303823947906,0.005912303924560547,-0.005544324517250061,0.004227949678897858,-0.004191633760929108,0.005361530184745789,-0.002974064648151398,0.006381876468658447,-0.0021754863858222963,0.007051101326942444,0.001458856463432312,0.0023164089024066926,0.0024022404849529267,0.005179715752601624,0.002632611393928528,0.005878925919532776,0.0028254514932632446,0.006464224457740784,0.003221963047981262,0.007667694687843323,0.009677755236625672,0.004161375761032105,0.009079169034957885,0.00530063271522522,0.008539999127388,0.0063268071413040165,0.008186172842979431,0.007000225782394409,0.009726431965827943,0.00584563672542572,0.011232105493545532,0.00504180908203125,0.010102298259735108,0.006496191620826721,0.014937312602996826,0.0022622571885585786,0.013204412460327148,0.004145952165126801,0.012385088205337524,0.005036572217941284,0.011893192529678345,0.005571273565292359,0.011994646787643433,0.005924327373504639,0.011421688795089723,0.006083805561065674,0.011509785652160645,0.006419262290000916,0.011046499013900757,0.006491643786430359,0.010589486360549927,0.006988425254821778,0.009995949864387512,0.007633609771728516
10_0.jpeg,-0.8,-0.05,0.35,-0.7853530883789063,-0.05500954151153564,0.34819095611572265,-0.7898837280273437,-0.055056219100952146,0.3392763137817383,-0.7898837280273437,-0.04505635738372803,0.3392239761352539,-0.7853530883789063,-0.04500967979431152,0.34813861846923827,2.0337725830078126,-1.0192078399658202,-0.46982479095458984,-0.21502504348754883,-0.4714284133911133,0.11056709289550781,1.9540936279296874,0.8883417510986328,-0.01052131414413452,0.0025049465894699096,-0.007615692615509033,0.0042934206128120425,-0.006273086071014404,0.005119824409484863,-0.005476387143135071,0.00561021089553833,-0.005614352822303772,0.0059838640689849855,-0.004719206094741821,0.006076271533966064,-0.0048376920819282535,0.006428362131118775,-0.004121178090572357,0.006444371342658997,-0.0033980363607406614,0.006889481544494629,-0.0024674636125564574,0.00746226966381073,-0.005077679753303528,0.005114230513572693,-0.0031542786955833435,0.006439626812934875,-0.0031043949723243715,0.0058424675464630125,-0.003934236466884613,0.004276715517044068,-0.002719729840755463,0.005334581136703491,-0.0016446331143379212,0.0062710165977478026,-0.0009486057609319687,0.006877273917198181,0.003729792833328247,0.002444654703140259,0.004088822305202484,0.00516209065914154,0.004174092710018158,0.005807491540908813,0.004244769513607025,0.006342432498931885,0.004388119876384735,0.0074274283647537236,0.011847187280654908,0.004205105602741241,0.01091855764389038,0.005270221829414367,0.010095953941345215,0.0062137264013290405,0.009563108682632446,0.006824886798858643,0.011434530019760131,0.005772602558135986,0.013202822208404541,0.005028685927391053,0.011641203165054322,0.00636702299118042,0.01791186809539795,0.0023846544325351717,0.01550426721572876,0.0041885110735893245,0.014390304088592529,0.005023128986358642,0.013728839159011842,0.0055187207460403445,0.013847332000732421,0.005889914631843567,0.013099880218505859,0.005989958047866822,0.013201956748962402,0.006339898705482483,0.012602910995483399,0.006362303495407105,0.012001723051071167,0.0068127340078353886,0.011227686405181885,0.007392668128013611
11_0.jpeg,-0.8,-0.1,0.35,-0.7853530883789063,-0.10500953674316406,0.34819095611572265,-0.7898837280273437,-0.10505621910095214,0.3392763137817383,-0.7898837280273437,-0.09505636215209962,0.3392239761352539,-0.7853530883789063,-0.09500967979431152,0.34813861846923827,2.0337725830078126,-1.0692069244384765,-0.46982479095458984,-0.26502504348754885,-0.4714284133911133,0.06056694030761719,1.9540936279296874,0.8383417510986328,-0.01175310492515564,0.002510157823562622,-0.008616355061531068,0.004297961294651031,-0.007167034149169922,0.005124008059501648,-0.006307035684585571,0.005614167451858521,-0.0064561331272125246,0.005987927913665771,-0.005489712953567505,0.006080003976821899,-0.005617766380310058,0.006432187557220459,-0.004844195544719696,0.0064479196071624756,-0.004063642621040344,0.0068927985429763795,-0.0030592143535614013,0.007465276718139648,-0.005971264243125916,0.005118412375450135,-0.003877057731151581,0.006443173289299011,-0.0039033037424087524,0.005846306085586548,-0.004933644235134125,0.004281250536441803,-0.0035830813646316527,0.005338655114173889,-0.002387596517801285,0.006274641752243042,-0.0016136564314365386,0.00688058853149414,0.002503975033760071,0.0024498403072357178,0.0032095927000045776,0.005166218876838684,0.003377166986465454,0.005811321139335632,0.0035160574316978454,0.006346001029014587,0.003797752857208252,0.007430428266525268,0.010853152275085449,0.004209615886211395,0.010059218406677246,0.005274276733398437,0.009355964064598083,0.006217337250709534,0.008900442123413087,0.006828189492225647,0.010639580488204957,0.005776422619819641,0.012314801216125488,0.005032841563224793,0.010922068357467651,0.006370551586151123,0.016691982746124268,0.0023898151516914368,0.014511475563049317,0.004193015694618225,0.013502644300460815,0.005027282834053039,0.012903621196746826,0.005522651672363281,0.013011130094528199,0.0058939516544342044,0.012334048748016357,0.0059936678409576415,0.01242667555809021,0.006343700289726258,0.01188401222229004,0.0063658314943313594,0.011339609622955322,0.006816033124923706,0.01063869833946228,0.007395661473274231
12_0.jpeg,-0.8,0.05,0.35,-0.7853530883789063,0.044990458488464356,0.34819095611572265,-0.7898837280273437,0.04494378089904785,0.3392763137817383,-0.7898837280273437,0.05494364261627197,0.3392239761352539,-0.7853530883789063,0.054990320205688475,0.34813861846923827,2.0337725830078126,-0.9192078399658203,-0.46982479095458984,-0.11502504348754883,-0.4714284133911133,0.21056709289550782,1.9540936279296874,0.9883417510986328,-0.008059279918670654,0.0024945302307605743,-0.005615389347076416,0.004284344017505646,-0.00448600709438324,0.005111461877822876,-0.0038157954812049867,0.00560230016708374,-0.003931519091129303,0.005975740551948547,-0.0031788018345832825,0.006068810224533081,-0.003278166949748993,0.006420714259147644,-0.002675679326057434,0.006437278389930725,-0.0020672774314880373,0.006882849335670471,-0.0012843218445777894,0.007456256747245788,-0.0032913291454315183,0.005105871558189392,-0.0017092567682266235,0.006432535648345947,-0.0015072312951087952,0.005834792256355286,-0.0019364430010318757,0.004267650246620178,-0.0009937909990549087,0.005326436161994934,-0.000159270241856575,0.006263768672943116,0.0003810417652130127,0.006870647668838501,0.006179889440536499,0.0024342890083789825,0.005846489071846008,0.0051538383960723876,0.00576729416847229,0.005799835920333863,0.005701649785041809,0.006335298418998718,0.005568496584892273,0.00742142915725708,0.013834242820739745,0.004196088910102844,0.012636475563049317,0.005262114405632019,0.011575372219085693,0.006206507682800293,0.010887991189956665,0.006818284392356873,0.013023782968521119,0.005764966011047363,0.014978057146072388,0.005020378828048706,0.01307894229888916,0.006359967589378357,0.020350115299224855,0.0023743388056755065,0.01748883843421936,0.004179505705833435,0.016164816617965698,0.005014825463294983,0.015378575325012207,0.005510861873626709,0.015519018173217774,0.0058818447589874265,0.014630938768386842,0.005982542037963867,0.014751904010772705,0.006332297921180725,0.01404017686843872,0.00635525107383728,0.013325501680374146,0.0068061363697052004,0.012405307292938232,0.007386683225631714
13_0.jpeg,-0.8,0.1,0.35,-0.7853530883789063,0.09499046325683594,0.34819095611572265,-0.7898837280273437,0.09494378089904786,0.3392763137817383,-0.7898837280273437,0.1049436378479004,0.3392239761352539,-0.7853530883789063,0.10499032020568848,0.34813861846923827,2.0337725830078126,-0.8692069244384766,-0.46982479095458984,-0.06502504348754883,-0.4714284133911133,0.2605669403076172,1.9540936279296874,1.0383417510986328,-0.006829035878181458,0.002489326000213623,-0.004615749418735504,0.0042798081040382385,-0.0035928750038146974,0.005107282400131225,-0.0029858514666557313,0.005598345994949341,-0.0030904635787010193,0.005971680283546448,-0.0024089019000530245,0.006065080761909485,-0.002498714327812195,0.006416892409324646,-0.0019531965255737303,0.006433733105659485,-0.0014021237194538115,0.006879534721374512,-0.0006929294764995575,0.007453250885009766,-0.0023985616862773895,0.005101693868637085,-0.0009870121628046036,0.006428991556167603,-0.0007089760154485702,0.005830956697463989,-0.0009380563348531723,0.004263119995594025,-0.0001312024239450693,0.005322365760803222,0.0005831286311149597,0.006260145902633667,0.0010456398129463195,0.006867335438728333,0.007404168844223022,0.002429109364748001,0.006724926829338074,0.005149714350700378,0.00656356930732727,0.005796009302139282,0.00642981767654419,0.006331733465194702,0.006158506274223327,0.00741843044757843,0.014827263355255128,0.004191583096981049,0.013495056629180909,0.005258063077926636,0.012314801216125488,0.006202899217605591,0.011550208330154419,0.0068149840831756596,0.013818086385726928,0.005761148929595947,0.015865269899368286,0.005016226768493653,0.01379754662513733,0.006356441378593445,0.021568474769592286,0.0023691843450069426,0.018480618000030518,0.004175005555152893,0.017051669359207152,0.005010675191879272,0.016203093528747558,0.005506933927536011,0.016354502439498902,0.005877811908721924,0.015396167039871216,0.005978835225105286,0.015526571273803712,0.00632849931716919,0.014758545160293578,0.006351725459098816,0.013987165689468384,0.006802839040756225,0.01299393892288208,0.007383691668510437
14_0.jpeg,-0.8,0.05,0.3,-0.7852869415283203,0.0449938154220581,0.29883159637451173,-0.7894244384765625,0.04494614124298096,0.28972782135009767,-0.7894244384765625,0.05494600772857666,0.28967546463012694,-0.7852869415283203,0.05499367713928223,0.298779239654541,2.977733459472656,-1.2353909301757813,-0.49113967895507815,-0.09759844779968262,-0.4927059173583984,0.19371612548828124,2.815711669921875,1.2771885681152344,-0.00867357075214386,0.002914139926433563,-0.005971451997756958,0.004573729932308197,-0.004746131300926208,0.005326299071311951,-0.004025823175907135,0.005768698453903198,-0.004136416614055633,0.006160192489624024,-0.0033458781242370604,0.006186308264732361,-0.0034401923418045043,0.006552790403366089,-0.002812008857727051,0.00651419997215271,-0.002170143872499466,0.006908421516418457,-0.0013500501215457917,0.007412107586860657,-0.003518196642398834,0.005320391654968262,-0.0018280181288719177,0.00650928258895874,-0.0016499319672584533,0.005975736379623413,-0.002167486399412155,0.004555879235267639,-0.0011466356366872787,0.005518167018890381,-0.0002556764893233776,0.006358014941215515,0.0003148902952671051,0.006895849704742432,0.0062428474426269535,0.002848025858402252,0.005874388217926026,0.005357341766357422,0.005788953304290772,0.0059391802549362185,0.005718727707862854,0.006417438387870789,0.005577901005744934,0.00737650990486145,0.014142134189605714,0.004479344487190246,0.012842875719070435,0.005450411438941955,0.011708165407180787,0.006298496127128601,0.010981124639511109,0.00684188723564148,0.013210612535476684,0.005902708172798156,0.015263594388961792,0.005230037569999695,0.013231872320175172,0.006434024572372437,0.02109015941619873,0.002782217860221863,0.01792231559753418,0.004461605548858643,0.016483887434005737,0.005224167108535766,0.015637747049331664,0.005672736763954162,0.01577245831489563,0.006061821579933167,0.014838640689849853,0.006096372604370117,0.014953916072845458,0.006460769176483154,0.014210952520370483,0.006429132223129273,0.013455986976623535,0.006829366683959961,0.012490910291671754,0.0073409885168075565
15_0.jpeg,-0.8,-0.05,0.3,-0.7852752685546875,-0.05500537872314453,0.2989857292175293,-0.7893171691894532,-0.055053272247314454,0.2898391342163086,-0.7893171691894532,-0.045053410530090335,0.2897867774963379,-0.7852752685546875,-0.04500551700592041,0.2989333724975586,3.55526611328125,-1.53048583984375,-0.48458892822265626,-0.19919807434082032,-0.4862058639526367,0.0952995777130127,3.3414825439453124,1.3547499084472656,-0.011278741359710694,0.0027766382694244386,-0.00804443120956421,0.004437804222106934,-0.0065806108713150025,0.005189632773399353,-0.0057209253311157225,0.005631174445152282,-0.005849533677101135,0.006022346019744873,-0.004909968376159668,0.006047688126564026,-0.0050196021795272825,0.006413630247116089,-0.004273614883422852,0.006374523043632507,-0.0035089749097824098,0.006767248511314392,-0.002532716691493988,0.007268661856651306,-0.0053522616624832155,0.005183724761009216,-0.0032902774214744568,0.0063696146011352536,-0.0032773324847221374,0.005837686061859131,-0.004236735105514526,0.004419928789138794,-0.002915064096450806,0.005381139516830444,-0.0017632223665714265,0.006218838095664978,-0.0010264010727405548,0.006754705905914307,0.003673781752586365,0.0027102530002593994,0.004068830907344818,0.005220537185668945,0.004160205125808716,0.005801160335540772,0.004235248863697052,0.006278015375137329,0.004385564625263214,0.0072331750392913815,0.012090026140213013,0.004343281686306,0.011077685356140137,0.005313389301300049,0.010194838047027588,0.006159404516220093,0.00962980329990387,0.006700867414474487,0.011580923795700073,0.00576471745967865,0.013437199592590331,0.005093348026275635,0.011760510206222534,0.006294481754302979,0.018558486700057983,0.002644168734550476,0.01587444543838501,0.004325515627861023,0.014658079147338868,0.005087475776672363,0.013943256139755248,0.005535256862640381,0.014054230451583861,0.00592407763004303,0.013268637657165527,0.0059578537940979,0.0133635675907135,0.006321763396263122,0.012739056348800659,0.006289596557617187,0.012102460861206055,0.006688374280929566,0.011289290189743041,0.007197763323783874
